x-axis,2
second,Volt
-55.0000E-09,-799.9997470E-06
-54.5000E-09,-799.9997470E-06
-54.0000E-09,-674.9997410E-06
-53.5000E-09,-674.9997410E-06
-53.0000E-09,-799.9997470E-06
-52.5000E-09,-549.9997351E-06
-52.0000E-09,-674.9997410E-06
-51.5000E-09,-799.9997470E-06
-51.0000E-09,-799.9997470E-06
-50.5000E-09,-674.9997410E-06
-50.0000E-09,-799.9997470E-06
-49.5000E-09,-674.9997410E-06
-49.0000E-09,-924.9997529E-06
-48.5000E-09,-549.9997351E-06
-48.0000E-09,-549.9997351E-06
-47.5000E-09,-924.9997529E-06
-47.0000E-09,-1.0499997588E-03
-46.5000E-09,-674.9997410E-06
-46.0000E-09,-674.9997410E-06
-45.5000E-09,-1.1749997648E-03
-45.0000E-09,-799.9997470E-06
-44.5000E-09,-549.9997351E-06
-44.0000E-09,-924.9997529E-06
-43.5000E-09,-674.9997410E-06
-43.0000E-09,-799.9997470E-06
-42.5000E-09,-1.0499997588E-03
-42.0000E-09,-799.9997470E-06
-41.5000E-09,-674.9997410E-06
-41.0000E-09,-924.9997529E-06
-40.5000E-09,-799.9997470E-06
-40.0000E-09,-674.9997410E-06
-39.5000E-09,-549.9997351E-06
-39.0000E-09,-674.9997410E-06
-38.5000E-09,-799.9997470E-06
-38.0000E-09,-674.9997410E-06
-37.5000E-09,-674.9997410E-06
-37.0000E-09,-424.9997291E-06
-36.5000E-09,-424.9997291E-06
-36.0000E-09,-674.9997410E-06
-35.5000E-09,-674.9997410E-06
-35.0000E-09,-674.9997410E-06
-34.5000E-09,-799.9997470E-06
-34.0000E-09,-799.9997470E-06
-33.5000E-09,-924.9997529E-06
-33.0000E-09,-674.9997410E-06
-32.5000E-09,-549.9997351E-06
-32.0000E-09,-799.9997470E-06
-31.5000E-09,-924.9997529E-06
-31.0000E-09,-799.9997470E-06
-30.5000E-09,-799.9997470E-06
-30.0000E-09,-549.9997351E-06
-29.5000E-09,-549.9997351E-06
-29.0000E-09,-674.9997410E-06
-28.5000E-09,-674.9997410E-06
-28.0000E-09,-799.9997470E-06
-27.5000E-09,-924.9997529E-06
-27.0000E-09,-799.9997470E-06
-26.5000E-09,-924.9997529E-06
-26.0000E-09,-799.9997470E-06
-25.5000E-09,-549.9997351E-06
-25.0000E-09,-674.9997410E-06
-24.5000E-09,-424.9997291E-06
-24.0000E-09,-549.9997351E-06
-23.5000E-09,-549.9997351E-06
-23.0000E-09,-799.9997470E-06
-22.5000E-09,-799.9997470E-06
-22.0000E-09,-424.9997291E-06
-21.5000E-09,-549.9997351E-06
-21.0000E-09,-549.9997351E-06
-20.5000E-09,-424.9997291E-06
-20.0000E-09,-924.9997529E-06
-19.5000E-09,-799.9997470E-06
-19.0000E-09,-549.9997351E-06
-18.5000E-09,-549.9997351E-06
-18.0000E-09,-799.9997470E-06
-17.5000E-09,-924.9997529E-06
-17.0000E-09,-1.0499997588E-03
-16.5000E-09,-924.9997529E-06
-16.0000E-09,-1.0499997588E-03
-15.5000E-09,-1.0499997588E-03
-15.0000E-09,-799.9997470E-06
-14.5000E-09,-924.9997529E-06
-14.0000E-09,-924.9997529E-06
-13.5000E-09,-1.0499997588E-03
-13.0000E-09,-674.9997410E-06
-12.5000E-09,-549.9997351E-06
-12.0000E-09,-799.9997470E-06
-11.5000E-09,-549.9997351E-06
-11.0000E-09,-799.9997470E-06
-10.5000E-09,-674.9997410E-06
-10.0000E-09,-424.9997291E-06
-9.5000E-09,-799.9997470E-06
-9.0000E-09,-799.9997470E-06
-8.5000E-09,-924.9997529E-06
-8.0000E-09,-1.4249997766E-03
-7.5000E-09,-1.5499997826E-03
-7.0000E-09,-2.0499998063E-03
-6.5000E-09,-2.6749998360E-03
-6.0000E-09,-3.6749998835E-03
-5.5000E-09,-4.0499999013E-03
-5.0000E-09,-4.9249999429E-03
-4.5000E-09,-5.9249999904E-03
-4.0000E-09,-6.5500000201E-03
-3.5000E-09,-6.4250000141E-03
-3.0000E-09,-6.5500000201E-03
-2.5000E-09,-5.7999999844E-03
-2.0000E-09,-5.1749999548E-03
-1.5000E-09,-4.7999999369E-03
-1.0000E-09,-3.9249998954E-03
-500.0E-12,-3.1749998598E-03
-0.0E+00,-3.0499998538E-03
+500.0E-12,-2.5499998301E-03
+1.0000E-09,-2.0499998063E-03
+1.5000E-09,-1.6749997885E-03
+2.0000E-09,-1.7999997945E-03
+2.5000E-09,-2.0499998063E-03
+3.0000E-09,-2.0499998063E-03
+3.5000E-09,-1.7999997945E-03
+4.0000E-09,-1.4249997766E-03
+4.5000E-09,-1.5499997826E-03
+5.0000E-09,-1.4249997766E-03
+5.5000E-09,-1.2999997707E-03
+6.0000E-09,-1.1749997648E-03
+6.5000E-09,-1.2999997707E-03
+7.0000E-09,-1.5499997826E-03
+7.5000E-09,-1.4249997766E-03
+8.0000E-09,-1.2999997707E-03
+8.5000E-09,-1.5499997826E-03
+9.0000E-09,-1.5499997826E-03
+9.5000E-09,-1.4249997766E-03
+10.0000E-09,-1.2999997707E-03
+10.5000E-09,-1.0499997588E-03
+11.0000E-09,-799.9997470E-06
+11.5000E-09,-924.9997529E-06
+12.0000E-09,-1.0499997588E-03
+12.5000E-09,-1.2999997707E-03
+13.0000E-09,-924.9997529E-06
+13.5000E-09,-1.1749997648E-03
+14.0000E-09,-1.0499997588E-03
+14.5000E-09,-1.0499997588E-03
+15.0000E-09,-1.1749997648E-03
+15.5000E-09,-1.1749997648E-03
+16.0000E-09,-924.9997529E-06
+16.5000E-09,-1.0499997588E-03
+17.0000E-09,-924.9997529E-06
+17.5000E-09,-924.9997529E-06
+18.0000E-09,-799.9997470E-06
+18.5000E-09,-799.9997470E-06
+19.0000E-09,-1.2999997707E-03
+19.5000E-09,-1.2999997707E-03
+20.0000E-09,-924.9997529E-06
+20.5000E-09,-924.9997529E-06
+21.0000E-09,-799.9997470E-06
+21.5000E-09,-1.0499997588E-03
+22.0000E-09,-924.9997529E-06
+22.5000E-09,-924.9997529E-06
+23.0000E-09,-1.0499997588E-03
+23.5000E-09,-1.2999997707E-03
+24.0000E-09,-1.2999997707E-03
+24.5000E-09,-1.1749997648E-03
+25.0000E-09,-799.9997470E-06
+25.5000E-09,-1.1749997648E-03
+26.0000E-09,-1.0499997588E-03
+26.5000E-09,-799.9997470E-06
+27.0000E-09,-1.0499997588E-03
+27.5000E-09,-799.9997470E-06
+28.0000E-09,-674.9997410E-06
+28.5000E-09,-549.9997351E-06
+29.0000E-09,-1.2999997707E-03
+29.5000E-09,-1.1749997648E-03
+30.0000E-09,-674.9997410E-06
+30.5000E-09,-674.9997410E-06
+31.0000E-09,-674.9997410E-06
+31.5000E-09,-549.9997351E-06
+32.0000E-09,-799.9997470E-06
+32.5000E-09,-799.9997470E-06
+33.0000E-09,-924.9997529E-06
+33.5000E-09,-924.9997529E-06
+34.0000E-09,-799.9997470E-06
+34.5000E-09,-799.9997470E-06
+35.0000E-09,-799.9997470E-06
+35.5000E-09,-674.9997410E-06
+36.0000E-09,-924.9997529E-06
+36.5000E-09,-674.9997410E-06
+37.0000E-09,-924.9997529E-06
+37.5000E-09,-924.9997529E-06
+38.0000E-09,-674.9997410E-06
+38.5000E-09,-674.9997410E-06
+39.0000E-09,-1.0499997588E-03
+39.5000E-09,-924.9997529E-06
+40.0000E-09,-799.9997470E-06
+40.5000E-09,-674.9997410E-06
+41.0000E-09,-799.9997470E-06
+41.5000E-09,-799.9997470E-06
+42.0000E-09,-799.9997470E-06
+42.5000E-09,-1.0499997588E-03
+43.0000E-09,-924.9997529E-06
+43.5000E-09,-924.9997529E-06
+44.0000E-09,-799.9997470E-06
+44.5000E-09,-549.9997351E-06
+45.0000E-09,-674.9997410E-06
+45.5000E-09,-1.1749997648E-03
+46.0000E-09,-924.9997529E-06
+46.5000E-09,-799.9997470E-06
+47.0000E-09,-924.9997529E-06
+47.5000E-09,-924.9997529E-06
+48.0000E-09,-924.9997529E-06
+48.5000E-09,-424.9997291E-06
+49.0000E-09,-674.9997410E-06
+49.5000E-09,-674.9997410E-06
+50.0000E-09,-674.9997410E-06
+50.5000E-09,-549.9997351E-06
+51.0000E-09,-799.9997470E-06
+51.5000E-09,-674.9997410E-06
+52.0000E-09,-1.0499997588E-03
+52.5000E-09,-799.9997470E-06
+53.0000E-09,-424.9997291E-06
+53.5000E-09,-674.9997410E-06
+54.0000E-09,-549.9997351E-06
+54.5000E-09,-549.9997351E-06
+55.0000E-09,-799.9997470E-06
+55.5000E-09,-799.9997470E-06
+56.0000E-09,-1.1749997648E-03
+56.5000E-09,-674.9997410E-06
+57.0000E-09,-674.9997410E-06
+57.5000E-09,-1.0499997588E-03
+58.0000E-09,-549.9997351E-06
+58.5000E-09,-549.9997351E-06
+59.0000E-09,-799.9997470E-06
+59.5000E-09,-549.9997351E-06
+60.0000E-09,-674.9997410E-06
+60.5000E-09,-799.9997470E-06
+61.0000E-09,-1.0499997588E-03
+61.5000E-09,-799.9997470E-06
+62.0000E-09,-799.9997470E-06
+62.5000E-09,-799.9997470E-06
+63.0000E-09,-674.9997410E-06
+63.5000E-09,-924.9997529E-06
+64.0000E-09,-1.1749997648E-03
+64.5000E-09,-549.9997351E-06
+65.0000E-09,-424.9997291E-06
+65.5000E-09,-799.9997470E-06
+66.0000E-09,-799.9997470E-06
+66.5000E-09,-549.9997351E-06
+67.0000E-09,-549.9997351E-06
+67.5000E-09,-549.9997351E-06
+68.0000E-09,-549.9997351E-06
+68.5000E-09,-799.9997470E-06
+69.0000E-09,-1.0499997588E-03
+69.5000E-09,-924.9997529E-06
+70.0000E-09,-799.9997470E-06
+70.5000E-09,-674.9997410E-06
+71.0000E-09,-1.0499997588E-03
+71.5000E-09,-924.9997529E-06
+72.0000E-09,-674.9997410E-06
+72.5000E-09,-924.9997529E-06
+73.0000E-09,-924.9997529E-06
+73.5000E-09,-674.9997410E-06
+74.0000E-09,-674.9997410E-06
+74.5000E-09,-799.9997470E-06
+75.0000E-09,-799.9997470E-06
+75.5000E-09,-674.9997410E-06
+76.0000E-09,-674.9997410E-06
+76.5000E-09,-799.9997470E-06
+77.0000E-09,-924.9997529E-06
+77.5000E-09,-1.0499997588E-03
+78.0000E-09,-924.9997529E-06
+78.5000E-09,-674.9997410E-06
+79.0000E-09,-674.9997410E-06
+79.5000E-09,-549.9997351E-06
+80.0000E-09,-674.9997410E-06
+80.5000E-09,-549.9997351E-06
+81.0000E-09,-924.9997529E-06
+81.5000E-09,-799.9997470E-06
+82.0000E-09,-424.9997291E-06
+82.5000E-09,-549.9997351E-06
+83.0000E-09,-674.9997410E-06
+83.5000E-09,-674.9997410E-06
+84.0000E-09,-549.9997351E-06
+84.5000E-09,-424.9997291E-06
+85.0000E-09,-674.9997410E-06
+85.5000E-09,-924.9997529E-06
+86.0000E-09,-549.9997351E-06
+86.5000E-09,-674.9997410E-06
+87.0000E-09,-674.9997410E-06
+87.5000E-09,-924.9997529E-06
+88.0000E-09,-799.9997470E-06
+88.5000E-09,-549.9997351E-06
+89.0000E-09,-799.9997470E-06
+89.5000E-09,-799.9997470E-06
+90.0000E-09,-674.9997410E-06
+90.5000E-09,-674.9997410E-06
+91.0000E-09,-549.9997351E-06
+91.5000E-09,-424.9997291E-06
+92.0000E-09,-1.0499997588E-03
+92.5000E-09,-924.9997529E-06
+93.0000E-09,-799.9997470E-06
+93.5000E-09,-924.9997529E-06
+94.0000E-09,-674.9997410E-06
+94.5000E-09,-424.9997291E-06
+95.0000E-09,-924.9997529E-06
+95.5000E-09,-924.9997529E-06
+96.0000E-09,-799.9997470E-06
+96.5000E-09,-924.9997529E-06
+97.0000E-09,-549.9997351E-06
+97.5000E-09,-424.9997291E-06
+98.0000E-09,-549.9997351E-06
+98.5000E-09,-924.9997529E-06
+99.0000E-09,-924.9997529E-06
+99.5000E-09,-174.9997173E-06
+100.0000E-09,-424.9997291E-06
+100.5000E-09,-674.9997410E-06
+101.0000E-09,-799.9997470E-06
+101.5000E-09,-924.9997529E-06
+102.0000E-09,-924.9997529E-06
+102.5000E-09,-674.9997410E-06
+103.0000E-09,-799.9997470E-06
+103.5000E-09,-924.9997529E-06
+104.0000E-09,-924.9997529E-06
+104.5000E-09,-549.9997351E-06
+105.0000E-09,-1.0499997588E-03
+105.5000E-09,-799.9997470E-06
+106.0000E-09,-424.9997291E-06
+106.5000E-09,-299.9997232E-06
+107.0000E-09,-549.9997351E-06
+107.5000E-09,-549.9997351E-06
+108.0000E-09,-674.9997410E-06
+108.5000E-09,-674.9997410E-06
+109.0000E-09,-924.9997529E-06
+109.5000E-09,-924.9997529E-06
+110.0000E-09,-549.9997351E-06
+110.5000E-09,-549.9997351E-06
+111.0000E-09,-1.0499997588E-03
+111.5000E-09,-674.9997410E-06
+112.0000E-09,-799.9997470E-06
+112.5000E-09,-1.1749997648E-03
+113.0000E-09,-1.0499997588E-03
+113.5000E-09,-799.9997470E-06
+114.0000E-09,-924.9997529E-06
+114.5000E-09,-924.9997529E-06
+115.0000E-09,-674.9997410E-06
+115.5000E-09,-799.9997470E-06
+116.0000E-09,-799.9997470E-06
+116.5000E-09,-549.9997351E-06
+117.0000E-09,-674.9997410E-06
+117.5000E-09,-799.9997470E-06
+118.0000E-09,-799.9997470E-06
+118.5000E-09,-924.9997529E-06
+119.0000E-09,-924.9997529E-06
+119.5000E-09,-799.9997470E-06
+120.0000E-09,-799.9997470E-06
+120.5000E-09,-799.9997470E-06
+121.0000E-09,-674.9997410E-06
+121.5000E-09,-424.9997291E-06
+122.0000E-09,-424.9997291E-06
+122.5000E-09,-799.9997470E-06
+123.0000E-09,-674.9997410E-06
+123.5000E-09,-799.9997470E-06
+124.0000E-09,-1.0499997588E-03
+124.5000E-09,-674.9997410E-06
+125.0000E-09,-799.9997470E-06
+125.5000E-09,-924.9997529E-06
+126.0000E-09,-799.9997470E-06
+126.5000E-09,-674.9997410E-06
+127.0000E-09,-549.9997351E-06
+127.5000E-09,-549.9997351E-06
+128.0000E-09,-799.9997470E-06
+128.5000E-09,-799.9997470E-06
+129.0000E-09,-799.9997470E-06
+129.5000E-09,-799.9997470E-06
+130.0000E-09,-799.9997470E-06
+130.5000E-09,-1.0499997588E-03
+131.0000E-09,-549.9997351E-06
+131.5000E-09,-424.9997291E-06
+132.0000E-09,-924.9997529E-06
+132.5000E-09,-799.9997470E-06
+133.0000E-09,-549.9997351E-06
+133.5000E-09,-1.0499997588E-03
+134.0000E-09,-1.0499997588E-03
+134.5000E-09,-924.9997529E-06
+135.0000E-09,-674.9997410E-06
+135.5000E-09,-799.9997470E-06
+136.0000E-09,-799.9997470E-06
+136.5000E-09,-799.9997470E-06
+137.0000E-09,-1.0499997588E-03
+137.5000E-09,-1.0499997588E-03
+138.0000E-09,-924.9997529E-06
+138.5000E-09,-674.9997410E-06
+139.0000E-09,-424.9997291E-06
+139.5000E-09,-424.9997291E-06
+140.0000E-09,-549.9997351E-06
+140.5000E-09,-424.9997291E-06
+141.0000E-09,-924.9997529E-06
+141.5000E-09,-924.9997529E-06
+142.0000E-09,-674.9997410E-06
+142.5000E-09,-549.9997351E-06
+143.0000E-09,-674.9997410E-06
+143.5000E-09,-674.9997410E-06
+144.0000E-09,-549.9997351E-06
+144.5000E-09,-549.9997351E-06
+145.0000E-09,-674.9997410E-06
+145.5000E-09,-299.9997232E-06
+146.0000E-09,-674.9997410E-06
+146.5000E-09,-674.9997410E-06
+147.0000E-09,-674.9997410E-06
+147.5000E-09,-674.9997410E-06
+148.0000E-09,-674.9997410E-06
+148.5000E-09,-549.9997351E-06
+149.0000E-09,-674.9997410E-06
+149.5000E-09,-799.9997470E-06
+150.0000E-09,-549.9997351E-06
+150.5000E-09,-549.9997351E-06
+151.0000E-09,-924.9997529E-06
+151.5000E-09,-549.9997351E-06
+152.0000E-09,-674.9997410E-06
+152.5000E-09,-1.0499997588E-03
+153.0000E-09,-799.9997470E-06
+153.5000E-09,-924.9997529E-06
+154.0000E-09,-799.9997470E-06
+154.5000E-09,-674.9997410E-06
+155.0000E-09,-799.9997470E-06
+155.5000E-09,-424.9997291E-06
+156.0000E-09,-674.9997410E-06
+156.5000E-09,-924.9997529E-06
+157.0000E-09,-549.9997351E-06
+157.5000E-09,-674.9997410E-06
+158.0000E-09,-674.9997410E-06
+158.5000E-09,-299.9997232E-06
+159.0000E-09,-549.9997351E-06
+159.5000E-09,-549.9997351E-06
+160.0000E-09,-674.9997410E-06
+160.5000E-09,-924.9997529E-06
+161.0000E-09,-1.0499997588E-03
+161.5000E-09,-549.9997351E-06
+162.0000E-09,-674.9997410E-06
+162.5000E-09,-924.9997529E-06
+163.0000E-09,-924.9997529E-06
+163.5000E-09,-1.0499997588E-03
+164.0000E-09,-1.0499997588E-03
+164.5000E-09,-549.9997351E-06
+165.0000E-09,-549.9997351E-06
+165.5000E-09,-1.1749997648E-03
+166.0000E-09,-924.9997529E-06
+166.5000E-09,-674.9997410E-06
+167.0000E-09,-549.9997351E-06
+167.5000E-09,-549.9997351E-06
+168.0000E-09,-924.9997529E-06
+168.5000E-09,-799.9997470E-06
+169.0000E-09,-674.9997410E-06
+169.5000E-09,-549.9997351E-06
+170.0000E-09,-1.0499997588E-03
+170.5000E-09,-1.1749997648E-03
+171.0000E-09,-924.9997529E-06
+171.5000E-09,-674.9997410E-06
+172.0000E-09,-924.9997529E-06
+172.5000E-09,-549.9997351E-06
+173.0000E-09,-674.9997410E-06
+173.5000E-09,-799.9997470E-06
+174.0000E-09,-674.9997410E-06
+174.5000E-09,-799.9997470E-06
+175.0000E-09,-674.9997410E-06
+175.5000E-09,-1.0499997588E-03
+176.0000E-09,-674.9997410E-06
+176.5000E-09,-924.9997529E-06
+177.0000E-09,-799.9997470E-06
+177.5000E-09,-674.9997410E-06
+178.0000E-09,-424.9997291E-06
+178.5000E-09,-799.9997470E-06
+179.0000E-09,-1.0499997588E-03
+179.5000E-09,-799.9997470E-06
+180.0000E-09,-549.9997351E-06
+180.5000E-09,-549.9997351E-06
+181.0000E-09,-549.9997351E-06
+181.5000E-09,-549.9997351E-06
+182.0000E-09,-549.9997351E-06
+182.5000E-09,-549.9997351E-06
+183.0000E-09,-924.9997529E-06
+183.5000E-09,-549.9997351E-06
+184.0000E-09,-799.9997470E-06
+184.5000E-09,-924.9997529E-06
+185.0000E-09,-799.9997470E-06
+185.5000E-09,-799.9997470E-06
+186.0000E-09,-1.0499997588E-03
+186.5000E-09,-924.9997529E-06
+187.0000E-09,-924.9997529E-06
+187.5000E-09,-799.9997470E-06
+188.0000E-09,-549.9997351E-06
+188.5000E-09,-924.9997529E-06
+189.0000E-09,-799.9997470E-06
+189.5000E-09,-549.9997351E-06
+190.0000E-09,-1.1749997648E-03
+190.5000E-09,-924.9997529E-06
+191.0000E-09,-1.0499997588E-03
+191.5000E-09,-549.9997351E-06
+192.0000E-09,-674.9997410E-06
+192.5000E-09,-1.1749997648E-03
+193.0000E-09,-1.1749997648E-03
+193.5000E-09,-924.9997529E-06
+194.0000E-09,-924.9997529E-06
+194.5000E-09,-1.0499997588E-03
+195.0000E-09,-1.2999997707E-03
+195.5000E-09,-1.0499997588E-03
+196.0000E-09,-1.1749997648E-03
+196.5000E-09,-799.9997470E-06
+197.0000E-09,-674.9997410E-06
+197.5000E-09,-1.0499997588E-03
+198.0000E-09,-1.0499997588E-03
+198.5000E-09,-674.9997410E-06
+199.0000E-09,-674.9997410E-06
+199.5000E-09,-799.9997470E-06
+200.0000E-09,-924.9997529E-06
+200.5000E-09,-924.9997529E-06
+201.0000E-09,-674.9997410E-06
+201.5000E-09,-1.0499997588E-03
+202.0000E-09,-1.0499997588E-03
+202.5000E-09,-924.9997529E-06
+203.0000E-09,-924.9997529E-06
+203.5000E-09,-674.9997410E-06
+204.0000E-09,-924.9997529E-06
+204.5000E-09,-1.0499997588E-03
+205.0000E-09,-674.9997410E-06
+205.5000E-09,-924.9997529E-06
+206.0000E-09,-799.9997470E-06
+206.5000E-09,-924.9997529E-06
+207.0000E-09,-1.0499997588E-03
+207.5000E-09,-674.9997410E-06
+208.0000E-09,-674.9997410E-06
+208.5000E-09,-924.9997529E-06
+209.0000E-09,-1.0499997588E-03
+209.5000E-09,-799.9997470E-06
+210.0000E-09,-924.9997529E-06
+210.5000E-09,-1.0499997588E-03
+211.0000E-09,-1.0499997588E-03
+211.5000E-09,-1.0499997588E-03
+212.0000E-09,-799.9997470E-06
+212.5000E-09,-549.9997351E-06
+213.0000E-09,-924.9997529E-06
+213.5000E-09,-924.9997529E-06
+214.0000E-09,-549.9997351E-06
+214.5000E-09,-549.9997351E-06
+215.0000E-09,-799.9997470E-06
+215.5000E-09,-924.9997529E-06
+216.0000E-09,-799.9997470E-06
+216.5000E-09,-674.9997410E-06
+217.0000E-09,-799.9997470E-06
+217.5000E-09,-924.9997529E-06
+218.0000E-09,-924.9997529E-06
+218.5000E-09,-924.9997529E-06
+219.0000E-09,-799.9997470E-06
+219.5000E-09,-799.9997470E-06
+220.0000E-09,-924.9997529E-06
+220.5000E-09,-674.9997410E-06
+221.0000E-09,-674.9997410E-06
+221.5000E-09,-1.1749997648E-03
+222.0000E-09,-799.9997470E-06
+222.5000E-09,-424.9997291E-06
+223.0000E-09,-674.9997410E-06
+223.5000E-09,-674.9997410E-06
+224.0000E-09,-799.9997470E-06
+224.5000E-09,-924.9997529E-06
+225.0000E-09,-799.9997470E-06
+225.5000E-09,-799.9997470E-06
+226.0000E-09,-924.9997529E-06
+226.5000E-09,-674.9997410E-06
+227.0000E-09,-924.9997529E-06
+227.5000E-09,-549.9997351E-06
+228.0000E-09,-799.9997470E-06
+228.5000E-09,-924.9997529E-06
+229.0000E-09,-674.9997410E-06
+229.5000E-09,-549.9997351E-06
+230.0000E-09,-674.9997410E-06
+230.5000E-09,-674.9997410E-06
+231.0000E-09,-674.9997410E-06
+231.5000E-09,-549.9997351E-06
+232.0000E-09,-549.9997351E-06
+232.5000E-09,-799.9997470E-06
+233.0000E-09,-799.9997470E-06
+233.5000E-09,-799.9997470E-06
+234.0000E-09,-674.9997410E-06
+234.5000E-09,-924.9997529E-06
+235.0000E-09,-549.9997351E-06
+235.5000E-09,-549.9997351E-06
+236.0000E-09,-924.9997529E-06
+236.5000E-09,-424.9997291E-06
+237.0000E-09,-174.9997173E-06
+237.5000E-09,-549.9997351E-06
+238.0000E-09,-674.9997410E-06
+238.5000E-09,-799.9997470E-06
+239.0000E-09,-674.9997410E-06
+239.5000E-09,-1.0499997588E-03
+240.0000E-09,-799.9997470E-06
+240.5000E-09,-924.9997529E-06
+241.0000E-09,-1.0499997588E-03
+241.5000E-09,-799.9997470E-06
+242.0000E-09,-799.9997470E-06
+242.5000E-09,-799.9997470E-06
+243.0000E-09,-924.9997529E-06
+243.5000E-09,-1.0499997588E-03
+244.0000E-09,-924.9997529E-06
+244.5000E-09,-674.9997410E-06
+245.0000E-09,-799.9997470E-06
+245.5000E-09,-549.9997351E-06
+246.0000E-09,-674.9997410E-06
+246.5000E-09,-674.9997410E-06
+247.0000E-09,-799.9997470E-06
+247.5000E-09,-924.9997529E-06
+248.0000E-09,-674.9997410E-06
+248.5000E-09,-1.0499997588E-03
+249.0000E-09,-1.4249997766E-03
+249.5000E-09,-1.1749997648E-03
+250.0000E-09,-924.9997529E-06
+250.5000E-09,-924.9997529E-06
+251.0000E-09,-1.1749997648E-03
+251.5000E-09,-924.9997529E-06
+252.0000E-09,-1.0499997588E-03
+252.5000E-09,-924.9997529E-06
+253.0000E-09,-1.0499997588E-03
+253.5000E-09,-924.9997529E-06
+254.0000E-09,-924.9997529E-06
+254.5000E-09,-1.1749997648E-03
+255.0000E-09,-1.0499997588E-03
+255.5000E-09,-674.9997410E-06
+256.0000E-09,-799.9997470E-06
+256.5000E-09,-924.9997529E-06
+257.0000E-09,-799.9997470E-06
+257.5000E-09,-674.9997410E-06
+258.0000E-09,-799.9997470E-06
+258.5000E-09,-1.0499997588E-03
+259.0000E-09,-1.2999997707E-03
+259.5000E-09,-1.0499997588E-03
+260.0000E-09,-924.9997529E-06
+260.5000E-09,-1.0499997588E-03
+261.0000E-09,-924.9997529E-06
+261.5000E-09,-1.0499997588E-03
+262.0000E-09,-1.0499997588E-03
+262.5000E-09,-799.9997470E-06
+263.0000E-09,-924.9997529E-06
+263.5000E-09,-924.9997529E-06
+264.0000E-09,-799.9997470E-06
+264.5000E-09,-924.9997529E-06
+265.0000E-09,-924.9997529E-06
+265.5000E-09,-799.9997470E-06
+266.0000E-09,-924.9997529E-06
+266.5000E-09,-924.9997529E-06
+267.0000E-09,-799.9997470E-06
+267.5000E-09,-549.9997351E-06
+268.0000E-09,-924.9997529E-06
+268.5000E-09,-924.9997529E-06
+269.0000E-09,-924.9997529E-06
+269.5000E-09,-1.4249997766E-03
+270.0000E-09,-924.9997529E-06
+270.5000E-09,-674.9997410E-06
+271.0000E-09,-1.0499997588E-03
+271.5000E-09,-1.0499997588E-03
+272.0000E-09,-1.0499997588E-03
+272.5000E-09,-1.1749997648E-03
+273.0000E-09,-1.1749997648E-03
+273.5000E-09,-1.1749997648E-03
+274.0000E-09,-799.9997470E-06
+274.5000E-09,-549.9997351E-06
+275.0000E-09,-1.0499997588E-03
+275.5000E-09,-549.9997351E-06
+276.0000E-09,-549.9997351E-06
+276.5000E-09,-799.9997470E-06
+277.0000E-09,-924.9997529E-06
+277.5000E-09,-1.0499997588E-03
+278.0000E-09,-799.9997470E-06
+278.5000E-09,-549.9997351E-06
+279.0000E-09,-924.9997529E-06
+279.5000E-09,-674.9997410E-06
+280.0000E-09,-424.9997291E-06
+280.5000E-09,-549.9997351E-06
+281.0000E-09,-1.0499997588E-03
+281.5000E-09,-924.9997529E-06
+282.0000E-09,-549.9997351E-06
+282.5000E-09,-299.9997232E-06
+283.0000E-09,-549.9997351E-06
+283.5000E-09,-674.9997410E-06
+284.0000E-09,-674.9997410E-06
+284.5000E-09,-799.9997470E-06
+285.0000E-09,-924.9997529E-06
+285.5000E-09,-924.9997529E-06
+286.0000E-09,-924.9997529E-06
+286.5000E-09,-549.9997351E-06
+287.0000E-09,-799.9997470E-06
+287.5000E-09,-674.9997410E-06
+288.0000E-09,-924.9997529E-06
+288.5000E-09,-799.9997470E-06
+289.0000E-09,-674.9997410E-06
+289.5000E-09,-549.9997351E-06
+290.0000E-09,-674.9997410E-06
+290.5000E-09,-424.9997291E-06
+291.0000E-09,-674.9997410E-06
+291.5000E-09,-674.9997410E-06
+292.0000E-09,-799.9997470E-06
+292.5000E-09,-799.9997470E-06
+293.0000E-09,-924.9997529E-06
+293.5000E-09,-924.9997529E-06
+294.0000E-09,-799.9997470E-06
+294.5000E-09,-674.9997410E-06
+295.0000E-09,-924.9997529E-06
+295.5000E-09,-924.9997529E-06
+296.0000E-09,-799.9997470E-06
+296.5000E-09,-1.0499997588E-03
+297.0000E-09,-799.9997470E-06
+297.5000E-09,-799.9997470E-06
+298.0000E-09,-674.9997410E-06
+298.5000E-09,-424.9997291E-06
+299.0000E-09,-549.9997351E-06
+299.5000E-09,-674.9997410E-06
+300.0000E-09,-674.9997410E-06
+300.5000E-09,-924.9997529E-06
+301.0000E-09,-549.9997351E-06
+301.5000E-09,-674.9997410E-06
+302.0000E-09,-674.9997410E-06
+302.5000E-09,-549.9997351E-06
+303.0000E-09,-799.9997470E-06
+303.5000E-09,-799.9997470E-06
+304.0000E-09,-674.9997410E-06
+304.5000E-09,-424.9997291E-06
+305.0000E-09,-549.9997351E-06
+305.5000E-09,-1.0499997588E-03
+306.0000E-09,-1.1749997648E-03
+306.5000E-09,-799.9997470E-06
+307.0000E-09,-799.9997470E-06
+307.5000E-09,-799.9997470E-06
+308.0000E-09,-799.9997470E-06
+308.5000E-09,-674.9997410E-06
+309.0000E-09,-799.9997470E-06
+309.5000E-09,-924.9997529E-06
+310.0000E-09,-674.9997410E-06
+310.5000E-09,-674.9997410E-06
+311.0000E-09,-924.9997529E-06
+311.5000E-09,-799.9997470E-06
+312.0000E-09,-799.9997470E-06
+312.5000E-09,-924.9997529E-06
+313.0000E-09,-799.9997470E-06
+313.5000E-09,-549.9997351E-06
+314.0000E-09,-799.9997470E-06
+314.5000E-09,-799.9997470E-06
+315.0000E-09,-674.9997410E-06
+315.5000E-09,-549.9997351E-06
+316.0000E-09,-549.9997351E-06
+316.5000E-09,-299.9997232E-06
+317.0000E-09,-299.9997232E-06
+317.5000E-09,-299.9997232E-06
+318.0000E-09,-49.9997113E-06
+318.5000E-09,-49.9997113E-06
+319.0000E-09,-299.9997232E-06
+319.5000E-09,+75.0002946E-06
+320.0000E-09,+75.0002946E-06
+320.5000E-09,-299.9997232E-06
+321.0000E-09,-174.9997173E-06
+321.5000E-09,-49.9997113E-06
+322.0000E-09,-299.9997232E-06
+322.5000E-09,-174.9997173E-06
+323.0000E-09,-174.9997173E-06
+323.5000E-09,-299.9997232E-06
+324.0000E-09,-174.9997173E-06
+324.5000E-09,-299.9997232E-06
+325.0000E-09,-174.9997173E-06
+325.5000E-09,-549.9997351E-06
+326.0000E-09,-424.9997291E-06
+326.5000E-09,-49.9997113E-06
+327.0000E-09,-424.9997291E-06
+327.5000E-09,-424.9997291E-06
+328.0000E-09,-674.9997410E-06
+328.5000E-09,-674.9997410E-06
+329.0000E-09,-799.9997470E-06
+329.5000E-09,-799.9997470E-06
+330.0000E-09,-424.9997291E-06
+330.5000E-09,-549.9997351E-06
+331.0000E-09,-549.9997351E-06
+331.5000E-09,-549.9997351E-06
+332.0000E-09,-799.9997470E-06
+332.5000E-09,-799.9997470E-06
+333.0000E-09,-799.9997470E-06
+333.5000E-09,-1.1749997648E-03
+334.0000E-09,-924.9997529E-06
+334.5000E-09,-799.9997470E-06
+335.0000E-09,-674.9997410E-06
+335.5000E-09,-424.9997291E-06
+336.0000E-09,-799.9997470E-06
+336.5000E-09,-924.9997529E-06
+337.0000E-09,-799.9997470E-06
+337.5000E-09,-674.9997410E-06
+338.0000E-09,-924.9997529E-06
+338.5000E-09,-674.9997410E-06
+339.0000E-09,-549.9997351E-06
+339.5000E-09,-549.9997351E-06
+340.0000E-09,-924.9997529E-06
+340.5000E-09,-549.9997351E-06
+341.0000E-09,-549.9997351E-06
+341.5000E-09,-799.9997470E-06
+342.0000E-09,-1.1749997648E-03
+342.5000E-09,-424.9997291E-06
+343.0000E-09,-549.9997351E-06
+343.5000E-09,-549.9997351E-06
+344.0000E-09,-549.9997351E-06
+344.5000E-09,-799.9997470E-06
+345.0000E-09,-799.9997470E-06
+345.5000E-09,-799.9997470E-06
+346.0000E-09,-674.9997410E-06
+346.5000E-09,-549.9997351E-06
+347.0000E-09,-424.9997291E-06
+347.5000E-09,-549.9997351E-06
+348.0000E-09,-674.9997410E-06
+348.5000E-09,-674.9997410E-06
+349.0000E-09,-549.9997351E-06
+349.5000E-09,-674.9997410E-06
+350.0000E-09,-674.9997410E-06
+350.5000E-09,-424.9997291E-06
+351.0000E-09,-424.9997291E-06
+351.5000E-09,-549.9997351E-06
+352.0000E-09,-549.9997351E-06
+352.5000E-09,-674.9997410E-06
+353.0000E-09,-1.0499997588E-03
+353.5000E-09,-549.9997351E-06
+354.0000E-09,-799.9997470E-06
+354.5000E-09,-674.9997410E-06
+355.0000E-09,-674.9997410E-06
+355.5000E-09,-1.0499997588E-03
+356.0000E-09,-1.0499997588E-03
+356.5000E-09,-799.9997470E-06
+357.0000E-09,-799.9997470E-06
+357.5000E-09,-1.0499997588E-03
+358.0000E-09,-1.0499997588E-03
+358.5000E-09,-674.9997410E-06
+359.0000E-09,-549.9997351E-06
+359.5000E-09,-549.9997351E-06
+360.0000E-09,-424.9997291E-06
+360.5000E-09,-674.9997410E-06
+361.0000E-09,-674.9997410E-06
+361.5000E-09,-424.9997291E-06
+362.0000E-09,-549.9997351E-06
+362.5000E-09,-799.9997470E-06
+363.0000E-09,-674.9997410E-06
+363.5000E-09,-674.9997410E-06
+364.0000E-09,-674.9997410E-06
+364.5000E-09,-549.9997351E-06
+365.0000E-09,-799.9997470E-06
+365.5000E-09,-924.9997529E-06
+366.0000E-09,-674.9997410E-06
+366.5000E-09,-674.9997410E-06
+367.0000E-09,-1.0499997588E-03
+367.5000E-09,-1.0499997588E-03
+368.0000E-09,-799.9997470E-06
+368.5000E-09,-799.9997470E-06
+369.0000E-09,-799.9997470E-06
+369.5000E-09,-674.9997410E-06
+370.0000E-09,-924.9997529E-06
+370.5000E-09,-799.9997470E-06
+371.0000E-09,-549.9997351E-06
+371.5000E-09,-424.9997291E-06
+372.0000E-09,-549.9997351E-06
+372.5000E-09,-799.9997470E-06
+373.0000E-09,-799.9997470E-06
+373.5000E-09,-799.9997470E-06
+374.0000E-09,-549.9997351E-06
+374.5000E-09,-424.9997291E-06
+375.0000E-09,-674.9997410E-06
+375.5000E-09,-424.9997291E-06
+376.0000E-09,-549.9997351E-06
+376.5000E-09,-799.9997470E-06
+377.0000E-09,-924.9997529E-06
+377.5000E-09,-674.9997410E-06
+378.0000E-09,-674.9997410E-06
+378.5000E-09,-799.9997470E-06
+379.0000E-09,-549.9997351E-06
+379.5000E-09,-674.9997410E-06
+380.0000E-09,-799.9997470E-06
+380.5000E-09,-424.9997291E-06
+381.0000E-09,-424.9997291E-06
+381.5000E-09,-1.0499997588E-03
+382.0000E-09,-924.9997529E-06
+382.5000E-09,-674.9997410E-06
+383.0000E-09,-799.9997470E-06
+383.5000E-09,-799.9997470E-06
+384.0000E-09,-924.9997529E-06
+384.5000E-09,-799.9997470E-06
+385.0000E-09,-674.9997410E-06
+385.5000E-09,-799.9997470E-06
+386.0000E-09,-799.9997470E-06
+386.5000E-09,-549.9997351E-06
+387.0000E-09,-799.9997470E-06
+387.5000E-09,-674.9997410E-06
+388.0000E-09,-924.9997529E-06
+388.5000E-09,-799.9997470E-06
+389.0000E-09,-549.9997351E-06
+389.5000E-09,-424.9997291E-06
+390.0000E-09,-799.9997470E-06
+390.5000E-09,-674.9997410E-06
+391.0000E-09,-674.9997410E-06
+391.5000E-09,-799.9997470E-06
+392.0000E-09,-674.9997410E-06
+392.5000E-09,-424.9997291E-06
+393.0000E-09,-549.9997351E-06
+393.5000E-09,-549.9997351E-06
+394.0000E-09,-924.9997529E-06
+394.5000E-09,-424.9997292E-06
+395.0000E-09,-174.9997173E-06
+395.5000E-09,-549.9997351E-06
+396.0000E-09,-799.9997470E-06
+396.5000E-09,-799.9997470E-06
+397.0000E-09,-799.9997470E-06
+397.5000E-09,-1.0499997588E-03
+398.0000E-09,-1.1749997648E-03
+398.5000E-09,-799.9997470E-06
+399.0000E-09,-799.9997470E-06
+399.5000E-09,-1.0499997588E-03
+400.0000E-09,-924.9997529E-06
+400.5000E-09,-799.9997470E-06
+401.0000E-09,-1.0499997588E-03
+401.5000E-09,-924.9997529E-06
+402.0000E-09,-799.9997470E-06
+402.5000E-09,-924.9997529E-06
+403.0000E-09,-924.9997529E-06
+403.5000E-09,-799.9997470E-06
+404.0000E-09,-674.9997410E-06
+404.5000E-09,-674.9997410E-06
+405.0000E-09,-549.9997351E-06
+405.5000E-09,-674.9997410E-06
+406.0000E-09,-549.9997351E-06
+406.5000E-09,-924.9997529E-06
+407.0000E-09,-924.9997529E-06
+407.5000E-09,-799.9997470E-06
+408.0000E-09,-799.9997470E-06
+408.5000E-09,-549.9997351E-06
+409.0000E-09,-549.9997351E-06
+409.5000E-09,-674.9997410E-06
+410.0000E-09,-799.9997470E-06
+410.5000E-09,-549.9997351E-06
+411.0000E-09,-549.9997351E-06
+411.5000E-09,-799.9997470E-06
+412.0000E-09,-799.9997470E-06
+412.5000E-09,-799.9997470E-06
+413.0000E-09,-549.9997351E-06
+413.5000E-09,-424.9997291E-06
+414.0000E-09,-674.9997410E-06
+414.5000E-09,-674.9997410E-06
+415.0000E-09,-674.9997410E-06
+415.5000E-09,-674.9997410E-06
+416.0000E-09,-799.9997470E-06
+416.5000E-09,-799.9997470E-06
+417.0000E-09,-799.9997470E-06
+417.5000E-09,-924.9997529E-06
+418.0000E-09,-299.9997232E-06
+418.5000E-09,-674.9997410E-06
+419.0000E-09,-924.9997529E-06
+419.5000E-09,-799.9997470E-06
+420.0000E-09,-674.9997410E-06
+420.5000E-09,-549.9997351E-06
+421.0000E-09,-424.9997291E-06
+421.5000E-09,-799.9997470E-06
+422.0000E-09,-1.0499997588E-03
+422.5000E-09,-1.0499997588E-03
+423.0000E-09,-799.9997470E-06
+423.5000E-09,-674.9997410E-06
+424.0000E-09,-674.9997410E-06
+424.5000E-09,-799.9997470E-06
+425.0000E-09,-799.9997470E-06
+425.5000E-09,-799.9997470E-06
+426.0000E-09,-799.9997470E-06
+426.5000E-09,-1.0499997588E-03
+427.0000E-09,-924.9997529E-06
+427.5000E-09,-674.9997410E-06
+428.0000E-09,-1.1749997648E-03
+428.5000E-09,-924.9997529E-06
+429.0000E-09,-424.9997292E-06
+429.5000E-09,-924.9997529E-06
+430.0000E-09,-799.9997470E-06
+430.5000E-09,-799.9997470E-06
+431.0000E-09,-924.9997529E-06
+431.5000E-09,-549.9997351E-06
+432.0000E-09,-549.9997351E-06
+432.5000E-09,-549.9997351E-06
+433.0000E-09,-424.9997291E-06
+433.5000E-09,-799.9997470E-06
+434.0000E-09,-799.9997470E-06
+434.5000E-09,-799.9997470E-06
+435.0000E-09,-549.9997351E-06
+435.5000E-09,-424.9997291E-06
+436.0000E-09,-549.9997351E-06
+436.5000E-09,-799.9997470E-06
+437.0000E-09,-799.9997470E-06
+437.5000E-09,-924.9997529E-06
+438.0000E-09,-924.9997529E-06
+438.5000E-09,-799.9997470E-06
+439.0000E-09,-674.9997410E-06
+439.5000E-09,-549.9997351E-06
+440.0000E-09,-799.9997470E-06
+440.5000E-09,-549.9997351E-06
+441.0000E-09,-799.9997470E-06
+441.5000E-09,-799.9997470E-06
+442.0000E-09,-674.9997410E-06
+442.5000E-09,-549.9997351E-06
+443.0000E-09,-799.9997470E-06
+443.5000E-09,-1.0499997588E-03
+444.0000E-09,-674.9997410E-06
+444.5000E-09,-674.9997410E-06
